메디스트림,메디
삼성전자,삼전,samsung,SAMSUNG,삼성
부항컵,부항
스파인엠티,스파인
경옥고,경옥거,경옥
LG전자,엘지전자,lg전자,LG,엘지,lg
씨케이주식회사,CK,ck,씨케이
영일엠,영일앰
제스파,제스퍼
발뮤다,balmuda,BALMUDA
휴테크,hutech,HUTECH
데스커,desker,DESKER
ok메디칼,ok메디컬,okmedical,OK메디컬,OKMEDICAL
크라시에,kracie,KRACIE
테라건,테라거,theragun,THERAGUN
베개,배개,베게
오케이차트,ok차트,okchart,OK차트,OKCHART
허먼밀러,hermanmiller,HERMANMILLER,herman miller,HERMAN MILLER
마사지,massage,MASSAGE
볼,ball,BALL
메디코어,medicore,MEDICORE
천양사,천양